gamma,c,oc,oo,nc,no,y,r,h,g
0.9984550695169351,0.03842432619212163,0.009248843894513185,0.14085739282589677,0.019997500312460944,0.8298962629671292,0.7471551524820348,0.629015250984749,0.989713855195076,0.21895938205559523
