gamma,c,oc,oo,nc,no,y,r,h,g
0.9147988384183033,0.061653914067098296,0.08411448568928884,0.2988376452943382,0.044244469441319836,0.5728033995750531,0.5305137854297849,0.47584183415816583,0.9617710073486827,0.22511186805497393
